ProductID,Product_name,Product_Description,Product_Category,Stock,Price
GGOEAAAJ032415,Android Men's Short Sleeve Tri-blend Hero Tee Grey,Android Men's Short Sleeve Tri-blend Hero Tee Grey,Apparel,100000,19.59
GGOEAAAJ080814,Android Men's Engineer Short Sleeve Tee Charcoal,Android Men's Engineer Short Sleeve Tee Charcoal,Apparel,100000,15.99
GGOEAAEH035213,Android Men's Vintage Henley,Android Men's Vintage Henley,Apparel,100000,7.2
GGOEAAEQ091615,Android Matrix Tee White,Android Matrix Tee White,Apparel,100000,22.41
GGOEAAWJ062549,Android Infant Short Sleeve Tee Pewter,Android Infant Short Sleeve Tee Pewter,Apparel,100000,17.53
GGOEAFKQ020499,8 pc Android Sticker Sheet,8 pc Android Sticker Sheet,Office,100000,2.03
GGOEAFKQ020599,Android Sticker Sheet Ultra Removable,Android Sticker Sheet Ultra Removable,Office,100000,2.39
GGOEAHPB076115,Android Stretch Fit Hat,Android Stretch Fit Hat,Apparel,100000,12.31
GGOEGAAB010515,Google Men's 100% Cotton Short Sleeve Hero Tee Black,Google Men's 100% Cotton Short Sleeve Hero Tee Black,Apparel,100000,12.31
GGOEGAAB010516,Google Men's 100% Cotton Short Sleeve Hero Tee Black,Google Men's 100% Cotton Short Sleeve Hero Tee Black,Apparel,100000,13.59
GGOEGAAB033814,Google Men's Vintage Badge Tee Black,Google Men's Vintage Badge Tee Black,Apparel,100000,7.6
GGOEGAAJ032614,Google Men's Short Sleeve Badge Tee Charcoal,Google Men's Short Sleeve Badge Tee Charcoal,Apparel,100000,10.63
GGOEGAAJ080614,Google Men's Bike Short Sleeve Tee Charcoal,Google Men's Bike Short Sleeve Tee Charcoal,Apparel,100000,10.63
GGOEGAAL010616,Google Men's 100% Cotton Short Sleeve Hero Tee Navy,Google Men's 100% Cotton Short Sleeve Hero Tee Navy,Apparel,100000,17.53
GGOEGAAQ010414,Google Men's 100% Cotton Short Sleeve Hero Tee White,Google Men's 100% Cotton Short Sleeve Hero Tee White,Apparel,100000,13.59
GGOEGAAQ010415,Google Men's 100% Cotton Short Sleeve Hero Tee White,Google Men's 100% Cotton Short Sleeve Hero Tee White,Apparel,100000,13.59
GGOEGADB059614,Google Men's Quilted Insulated Vest Black,Google Men's Quilted Insulated Vest Black,Apparel,100000,52.49
GGOEGADJ056814,Google Men's Watershed Full Zip Hoodie Grey,Google Men's Watershed Full Zip Hoodie Grey,Apparel,100000,44
GGOEGADJ056815,Google Men's Watershed Full Zip Hoodie Grey,Google Men's Watershed Full Zip Hoodie Grey,Apparel,100000,44
GGOEGAEA030414,Google Womens 3/4 Sleeve Baseball Raglan Heather/Black,Google Womens 3/4 Sleeve Baseball Raglan Heather/Black,Apparel,100000,11.19
GGOEGAEB027815,Google Women's Short Sleeve Hero Tee Black,Google Women's Short Sleeve Hero Tee Black,Apparel,100000,13.59
GGOEGAEJ028013,Google Women's Short Sleeve Hero Tee Grey,Google Women's Short Sleeve Hero Tee Grey,Apparel,100000,4.08
GGOEGAEJ031314,Google Tri-blend Hoodie Grey,Google Tri-blend Hoodie Grey,Apparel,100000,39.99
GGOEGAEL091317,Google Crew Sweater Navy,Google Crew Sweater Navy,Apparel,100000,42.39
GGOEGAER029713,Google Women's Short Sleeve Hero Tee Red Heather,Google Women's Short Sleeve Hero Tee Red Heather,Apparel,100000,19.59
GGOEGAER029716,Google Women's Short Sleeve Hero Tee Red Heather,Google Women's Short Sleeve Hero Tee Red Heather,Apparel,100000,15.67
GGOEGAET090515,Google Tee Yellow,Google Tee Yellow,Apparel,100000,22.41
GGOEGAFB035814,Google Men's  Zip Hoodie,Google Men's  Zip Hoodie,Apparel,100000,46.21
GGOEGAFB035815,Google Men's  Zip Hoodie,Google Men's  Zip Hoodie,Apparel,100000,46.21
GGOEGAFB035816,Google Men's  Zip Hoodie,Google Men's  Zip Hoodie,Apparel,100000,46.21
GGOEGAFJ036214,Google Men's Pullover Hoodie Grey,Google Men's Pullover Hoodie Grey,Apparel,100000,53.64
GGOEGALB034116,Google Women's Vintage Hero Tee Black,Google Women's Vintage Hero Tee Black,Apparel,100000,4.56
GGOEGALJ036414,Google Women's Tee Grey,Google Women's Tee Grey,Apparel,100000,24.75
GGOEGALL074615,Google Women's Short Sleeve Badge Tee Navy,Google Women's Short Sleeve Badge Tee Navy,Apparel,100000,6.8
GGOEGALQ034213,Google Women's Vintage Hero Tee White,Google Women's Vintage Hero Tee White,Apparel,100000,19.59
GGOEGAQB036017,Google Women's Fleece Hoodie,Google Women's Fleece Hoodie,Apparel,100000,57.76
GGOEGAWC062849,Google Infant Zip Hood Royal Blue,Google Infant Zip Hood Royal Blue,Apparel,100000,31.35
GGOEGAWR061848,Google Infant Short Sleeve Tee Red,Google Infant Short Sleeve Tee Red,Apparel,100000,13.59
GGOEGAWR061849,Google Infant Short Sleeve Tee Red,Google Infant Short Sleeve Tee Red,Apparel,100000,17.53
GGOEGAXJ065555,Google Toddler Short Sleeve T-shirt Grey,Google Toddler Short Sleeve T-shirt Grey,Apparel,100000,9.51
GGOEGFKA022299,Keyboard DOT Sticker,Keyboard DOT Sticker,Office,100000,1.5
GGOEGFKQ020399,Google Laptop and Cell Phone Stickers,Google Laptop and Cell Phone Stickers,Office,100000,2.39
GGOEGFKQ020799,Google Doodle Decal,Google Doodle Decal,Office,100000,2.39
GGOEGGOA017399,Maze Pen,Maze Pen,Office,100000,0.79
GGOEGHPB071610,Google Twill Cap,Google Twill Cap,Apparel,100000,11.34
GGOEGKAA019299,Switch Tone Color Crayon Pen,Switch Tone Color Crayon Pen,Office,100000,1.59
GGOEGOAB021499,Metal Texture Roller Pen,Metal Texture Roller Pen,Office,100000,8.7
GGOEGOAB022499,Satin Black Ballpoint Pen,Satin Black Ballpoint Pen,Office,100000,12
GGOEGOAQ012899,Ballpoint LED Light Pen,Ballpoint LED Light Pen,Office,100000,2.55
GGOEGOAQ018099,Pen Pencil & Highlighter Set,Pen Pencil & Highlighter Set,Office,100000,4.12
GGOEGOAQ020099,Four Color Retractable Pen,Four Color Retractable Pen,Office,100000,4.12
GGOEGOAR013099,Google Stylus Pen w/ LED Light,Google Stylus Pen w/ LED Light,Office,100000,4.48
GGOEGOAR013599,Ballpoint Stylus Pen,Ballpoint Stylus Pen,Office,100000,3.85
GGOEGOBG023599,Colored Pencil Set,Colored Pencil Set,Office,100000,3.85
GGOEGOCB017499,Leatherette Journal,Leatherette Journal,Office,100000,7.69
GGOEGOCR017899,Recycled Paper Journal Set,Recycled Paper Journal Set,Office,100000,3.99
GGOEGOFH020299,Galaxy Screen Cleaning Cloth,Galaxy Screen Cleaning Cloth,Office,100000,1.59
GGOEGOLC013299,Spiral Notebook and Pen Set,Spiral Notebook and Pen Set,Office,100000,3.35
GGOEGOLC014299,Google Metallic Notebook Set,Google Metallic Notebook Set,Office,100000,4.79
GGOEGOXQ016399,Badge Holder,Badge Holder,Office,100000,1.99
GGOENEBB078899,Nest Cam Indoor Security Camera - USA,Nest Cam Indoor Security Camera - USA,Nest-USA,100000,119
GGOENEBB079299,Nest Protect Smoke + CO Black Battery Alarm-USA,Nest Protect Smoke + CO Black Battery Alarm-USA,Nest-USA,100000,81.5
GGOENEBD084799,Nest Learning Thermostat 3rd Gen-USA - Copper,Nest Learning Thermostat 3rd Gen-USA - Copper,Nest-USA,100000,151.88
GGOENEBJ079499,Nest Learning Thermostat 3rd Gen-USA - Stainless Steel,Nest Learning Thermostat 3rd Gen-USA - Stainless Steel,Nest-USA,100000,149
GGOENECQ078999,Nest Cam Outdoor Security Camera - USA,Nest Cam Outdoor Security Camera - USA,Nest-USA,100000,121.3
GGOENEBQ078999,Nest Cam Outdoor Security Camera - USA,Nest Cam Outdoor Security Camera - USA,Nest-USA,100000,119
GGOENEAQ078999,Nest Cam Outdoor Security Camera - USA,Nest Cam Outdoor Security Camera - USA,Nest-USA,100000,122.77
GGOENEBQ079099,Nest Protect Smoke + CO White Battery Alarm-USA,Nest Protect Smoke + CO White Battery Alarm-USA,Nest-USA,100000,81.5
GGOENEBQ079199,Nest Protect Smoke + CO White Wired Alarm-USA,Nest Protect Smoke + CO White Wired Alarm-USA,Nest-USA,100000,80.52
GGOENEBQ084699,Nest Learning Thermostat 3rd Gen-USA - White,Nest Learning Thermostat 3rd Gen-USA - White,Nest-USA,100000,151.88
GGOENEBQ086499,Nest Cam IQ - USA,Nest Cam IQ - USA,Nest,100000,151.88
GGOENEBQ086799,Nest Thermostat E - USA,Nest Thermostat E - USA,Nest,100000,151.88
GGOENEBQ092299,Nest Secure Alarm System Starter Pack - USA,Nest Secure Alarm System Starter Pack - USA,Nest,100000,355.74
GGOEWEBB082699,Waze Mobile Phone Vent Mount,Waze Mobile Phone Vent Mount,Waze,100000,7.12
GGOEWFKA083299,Waze Mood Ninja Window Decal,Waze Mood Ninja Window Decal,Waze,100000,2.05
GGOEYAAB031815,YouTube Men's Short Sleeve Hero Tee Black,YouTube Men's Short Sleeve Hero Tee Black,Apparel,100000,17.53
GGOEYAEB035616,YouTube Men's Vintage Tank,YouTube Men's Vintage Tank,Apparel,100000,8.4
GGOEYAEJ029016,YouTube Women's Short Sleeve Hero Tee Charcoal,YouTube Women's Short Sleeve Hero Tee Charcoal,Apparel,100000,15.19
GGOEYAEJ029017,YouTube Women's Short Sleeve Hero Tee Charcoal,YouTube Women's Short Sleeve Hero Tee Charcoal,Apparel,100000,15.19
GGOEYAWJ061448,YouTube Onesie Heather,YouTube Onesie Heather,Apparel,100000,24.75
GGOEYDHJ056099,22 oz YouTube Bottle Infuser,22 oz YouTube Bottle Infuser,Bottles,100000,4.12
GGOEYFKQ020699,YouTube Custom Decals,YouTube Custom Decals,Office,100000,1.59
GGOEYHPB072210,YouTube Twill Cap,YouTube Twill Cap,Apparel,100000,11.34
